{
    "A2C_0": {
        "dice_np": 0.9312115883489737,
        "jaccard_np": 0.8712777741578158,
        "dice_sig": 0.9312115883489737,
        "jaccard_sig": 0.8712777741578158
    },
    "A4C_0": {
        "dice": 0.9409301473474836,
        "jaccard": 0.8884495625957594
    }
}